,Title,Image,Price,Description
0,Thuốc kích rễ Thái,https://hoalanhuyanh.com/userfiles/image/vat-tu/thuoc/kich-re-hang-thai-1-1.jpg,"Giá: 
                            										100.000 VNĐ										/chai 100ml	

                                                		","Thuốc kích rễ công cụ hiệu quả giúp nhà vườn, người trồng lan thúc đẩy sự phát triển của cây sau khi ghép"
1,Chậu trầm nestor đẹp,https://hoalanhuyanh.com/userfiles/image/gio-lan/chau-nestor/anh-nho-chau-nestor-4-dau-1.jpg,"Giá: 
                            										350.000 VNĐ										/Chậu	

                                                		","Trầm nestor loại trầm đa phần ra bông to màu đậm, rất thơm. Đặc biệt cây rất khỏe, rất sai hoa. Cùng mùa hoa với trầm tím."
2,Giả hạc sao thiên vương,https://hoalanhuyanh.com/userfiles/image/shop-hoa-lan/gia-hac/sao-thien-vuong/anh-nho-sao-thien-vuong-hinh-hoa.jpg,"Giá: 
                            										700.000 VNĐ										/Cây	

                                                		","Sao thiên vương là loại giả hạc có mặt bông cực đẹp, là cây tem nhân giống ra nhiều mặt hoa khác tương tự. Cây rất đẹp, thân mập"
3,Thiên cung 3 lưỡi,https://hoalanhuyanh.com/userfiles/image/shop-hoa-lan/doc-dao/thien-cung-3-luoi/anh-nho-hinh-hoa-thien-cung-3-luoi.jpg,"Giá: 
                            										850.000 VNĐ										/Cây	

                                                		","Bông hoa lan 3 lưỡi cực hiếm gặp và vô cùng đẹp, thay vì 1 chúng có đến 3 lưỡi, chỉ còn lại 3 cánh dài. Trong số các kiểu hoa thân thòng thì phom hoa này là hiếm gặp nhất."
4,Trầm thiên long,https://hoalanhuyanh.com/userfiles/image/shop-hoa-lan/tram/thien-long/anh-nho-thien-long-hinh-hoa.jpg,"Giá: 
                            										450.000 VNĐ										/Chậu	

                                                		","Thiên long tên một loại trầm của Đài Loan có hoa hội tụ đầy đủ yếu tố được coi là bông trầm đẹp, cánh bầu, màu đỏ đều, mắt đậm, rất thơm, bông to. "
5,"Giả hạc 5 cánh trắng họng hồng, hàng Đài",https://hoalanhuyanh.com/userfiles/image/shop-hoa-lan/phi-diep/5ct-dai/5ct-dai-loan-1-2.jpg,"Giá: 
                            										450.000 VNĐ										/chậu	

                                                		","Giả hạc 5 cánh trắng họng hồng (Den anosmum var semir aba pink), hàng Đài Loan hay phi điệp 5 cánh trắng họng hồng, mỗi mầm dài khoảng 20cm, đang phát triển mạnh. Xem hình ảnh bên dưới."
6,Trầm trắng hàng Thái,https://hoalanhuyanh.com/userfiles/image/shop-hoa-lan/tram/trang-thai/tram-trang-thai-cay-dep-3-2.jpg,"Giá: 
                            										260.000 VNĐ										/Cây	

                                                		","Trầm trắng hàng Thái , cậy đẹp đang phát triển tốt, các bác có thể xem hình ảnh thực tế bên dưới nhé, em bán cây như hình. Thoải mái hoa mùa tới"
7,Kiếm vàng,https://hoalanhuyanh.com/userfiles/image/shop-hoa-lan/lan-dep-khac/kiem/kiem-vang-3-1.jpg,"Giá: 
                            										1.500.000 VNĐ										/khóm	

                                                		","Loại kiếm này khá dễ chăm sóc, hoa đẹp màu vàng vào mùa hè, cây rất khỏe. Phù hợp với khí hậu nhiều vùng"
8,Giả hạc Chớp mỹ,https://hoalanhuyanh.com/userfiles/image/shop-hoa-lan/doc-dao/hoa-lan-chop-my-1-1.jpg,"Giá: 
                            										1.300.000 VNĐ										/Cây	

                                                		","Mặt bông đẹp, lạ được nhiều người yêu thích. Màu chớp trắng tím, bông to. Loại lan này dành được giải thưởng hoa lan đẹp nhất của Mỹ, vì thế mọi người gọi là chớp mỹ. Hiện tại ở việt nam đây vẫn là một giống lan hiếm, có giá khá cao, nhưng mặt bông thì thực sự xứng đáng."
9,Ono 15,https://hoalanhuyanh.com/userfiles/image/shop-hoa-lan/tram/2017/ono/hinh-hoa-ono-15-1.jpg,"Giá: 
                            										180.000 VNĐ										/Cây	

                                                		","Hàng đài nên mặt hoa rất đẹp và chuẩn. Giả hạc ONO 15 có thân khá giống hoa hồng đỏ hay hồng ngọc nhưng phom hoa hoàn toàn khác, rất nổi bật. Bảo hành mặt hoa"
10,Giả hạc 5 cánh trắng họng tím,https://hoalanhuyanh.com/userfiles/image/shop-hoa-lan/phi-diep/2017/5canhtrangtim/5-canh-trang-hong-tim-1-1.jpg,"Giá: 
                            										250.000 VNĐ										/ngọn	

                                                		","Cây khỏe đẹp, hàng đài loan , bảo hành mặt hoa 5 cánh trắng họng tím. Hiện tại em bán đang trồng cốc rêu giữ ẩm, có 2 cỡ đều có thể hoa mùa tới"
11,Trầm 6 cánh hàng đài,https://hoalanhuyanh.com/userfiles/image/shop-hoa-lan/tram/6-canh/tram-6-canh-3-1.jpg,"Giá: 
                            										400.000 VNĐ										/cốc	

                                                		","Cây mô năm 2 nên rất khỏe, các thân non phát triển mạnh. Hoa 6 cánh, sắc độ màu tím hoặc đỏ khác nhau."
12,Giả hạc đại bạch long,https://hoalanhuyanh.com/userfiles/image/shop-hoa-lan/phi-diep/gia-hac/dai-bach-long-3-1.jpg,"Giá: 
                            										220.000 VNĐ										/Cây	

                                                		",Đây là loại lan nổi tiếng với chiều dài và mặt hoa đẹp của đài loan. Cây có hoa trắng và chiều dài khủng nên hoàn toàn xứng đáng với tên đại bạch long
13,Giả hạc 4N,https://hoalanhuyanh.com/userfiles/image/shop-hoa-lan/phi-diep/gia-hac/gia-hac-4n-3-1.jpg,"Giá: 
                            										260.000 VNĐ										/Cây	

                                                		","Đặc điểm giả hạc 4N bông to, rất sai hoa, màu hoa đậm, thơm. Thân cây to phát triển rất nhanh, lá tròn tròn rất đẹp. "
14,Trầm 6 mắt,https://hoalanhuyanh.com/userfiles/image/shop-hoa-lan/tram/6-mat/tram-6-mat-4-1.jpg,"Giá: 
                            										240.000 VNĐ										/chậu	

                                                		","Có nhiều mặt, hoa các bông có mắt đạm, nhạt, to nhỏ khác nhau. Các bông chuẩn có giá trị cao là bông có đủ 6 mắt đậm và kích thước các mắt đồng đều."
15,Giả hạc hồng búp bê,https://hoalanhuyanh.com/userfiles/image/shop-hoa-lan/gia-hac/hong-bup-be/anh-nho-hoa-gia-hac-hong-bup-be.jpg,"Giá: 
                            										320.000 VNĐ										/Cây	

                                                		","Giả hạc hồng búp bê, cây đẹp mà hoa lại càng đẹp hơn, có nét giống sao thiên vương nhưng nhẹ nhàng, tinh tế hơn. Đây là một giống giả hạc mới của Đài Loan. [Cây to, Hoa mùa tới]"
16,Trầm Thanh Hoa cánh ám,https://hoalanhuyanh.com/userfiles/image/shop-hoa-lan/tram/thanh-hoa/anh-nho-hinh-hoa-tram-thanh-hoa.jpg,"Giá: 
                            										350.000 VNĐ										/Chậu	

                                                		",Bông trầm này là sự kết hợp của loại trầm thanh hoa nổi tiếng và trầm ám mắt nai. Mặc dù là cây lai nhưng đã cho hoa ổn định năm trước
17,Trầm tím trồng vườn đã lâu,https://hoalanhuyanh.com/userfiles/image/gio-lan/tram-tim/thuan-lau/hinh-hoa-tram-tim.jpg,"Giá: 
                            										300.000 VNĐ										/giò	

                                                		","Trầm tím trồng gỗ hoặc chậu nhữa, dễ dàng ghép giá thể mới, nhiều ngọn dài, tất cả đều trên 3 năm. Năm nào cũng sai hoa, cây rất khỏe, dễ chăm"
18,Trầm 5 cánh trắng mắt hồng ngọc,https://hoalanhuyanh.com/userfiles/image/shop-hoa-lan/tram/5-ct/hong-ngoc/anh-nho-hinh-hoa-5-ct-mat-hong-ngoc.jpg,"Giá: 
                            										380.000 VNĐ										/chậu	

                                                		",Bông trầm 5 cánh trắng mắt hồng ngọc có phom hoa tương tự như 5 cánh trắng mắt đỏ hay 5 cánh trắng blue nhưng nhìn kỹ sẽ thấy mắt có sự khác biệt
19,Trầm ám mắt tím đậm,https://hoalanhuyanh.com/userfiles/image/shop-hoa-lan/tram/am-mat-tim/anh-nho-hoa-mau-dai-loan-sai-hoa.jpg,"Giá: 
                            										350.000 VNĐ										/Chậu	

                                                		","Cánh rất sạch chỉ dính chút ít vệt màu rất khó thấy, cánh bầu đẹp, đặc biệt mắt tím đậm. Có 2 loại đã xổ hoa và chưa xổ hoa, loại trầm này rất sai hoa."
20,Trầm tím lai Hawaii tím,https://hoalanhuyanh.com/userfiles/image/shop-hoa-lan/lai/tram-lai-hawaii/anh-nho-hinh-hoa-tham-khao.jpg,"Giá: 
                            										220.000 VNĐ										/Giò	

                                                		","Trầm tím có phom hoa đẹp hương thơm nồng nàn, trong khi đó Hawaii cũng rất thơm bông hơi rủ nhưng lại to. Không biết 2 loại này sẽ ra hương như nào? Các bác có hóng cùng em không?"
21,Hawai lá biên,https://hoalanhuyanh.com/userfiles/image/shop-hoa-lan/lan-dep-khac/hawai-la-bien-1.jpg,"Giá: 
                            										240.000 VNĐ										/Chậu	

                                                		","Giả hạc hawai loại lá biên, hoa màu tím đậm rất đẹp. Cây đang dài khoảng 35 cm - 40cm. Biên cả viền lá nhé, chắc chắn là nổi bật. "
22,Trầm lai vôi nhật,https://hoalanhuyanh.com/userfiles/image/shop-hoa-lan/lai/tramxvoinhat/tram-lai-voi-nhat-1-1.jpg,"Giá: 
                            										230.000 VNĐ										/bảng	

                                                		",Hàng lai nhưng có mặt bông rồi ah. Hoa thơm rất sai hoa và cực ấn tượng. Cây ghép bảng gỗ rất khỏe.
23,Chớp mỹ gieo hạt,https://hoalanhuyanh.com/userfiles/image/shop-hoa-lan/lai/chop/chop-my-gieo-het-2-1.jpg,"Giá: 
                            										450.000 VNĐ										/Cây	

                                                		","2 bông chớp đẹp lai, hoa sổ xố, hàng gieo hạt đài loan. Cây đang phát triển rất đẹp, đủ tuổi hoa mùa tới. Hoa xổ nhưng chắc chắn ra chớp, chỉ là không chắc chắn sắc độ của chớp."
24,Super thrive thuốc tưới lan,https://hoalanhuyanh.com/userfiles/image/vat-tu/thuoc/thuoc-cho-lan-super-thrive-1-1.jpg,"Giá: 
                            										250.000 VNĐ										/100ml	

                                                		","Super thrive  Loại thuốc dành cho lan hiệu quả không thể phủ nhận, hàng xách tay mỹ. Cực kỳ đậm đặc gấp 3.4 lần so với các loại thuốc khác"
25,Trầm đỏ lai trầm 6 mắt,https://hoalanhuyanh.com/userfiles/image/shop-hoa-lan/lai/6mat-do/tram-6mat-do-1-1.jpg,"Giá: 
                            										230.000 VNĐ										/cây	

                                                		","Được lai tạo từ 2 bông trầm tuyệt đẹp là trầm đỏ bông đậm và trầm 6 mắt độc đáo. Cây khỏe, mập ra hoa vào năm tới."
26,Đai châu cây đôi to,https://hoalanhuyanh.com/userfiles/image/gio-lan/dai-chau/trang/chau-trang-cay-doi-1-1.jpg,"Giá: 
                            										1.100.000 VNĐ										/Chậu đôi	

                                                		","Bán chậu đai châu trắng lá đẹp, có video quay chi tiết chậu cây. Gồm 2 cây 5 cặp lá và 9 cặp lá, đang nụ "
27,Giả hạc châu như,https://hoalanhuyanh.com/userfiles/image/shop-hoa-lan/gia-hac/chau-nhu/gia-hac-chau-nhu-gieo-hat-3-1.jpg,"Giá: 
                            										160.000 VNĐ										/Chậu	

                                                		","Không phải chỉ có một mặt bông duy nhất, đã có từ rất lâu, đến giờ vẫn có những bông châu như mới, là một trong số ít giả hạc lai đẹp của việt nam được đài loan mua lại để nhân giống"
28,Phi điệp 6 mắt Thái Bình,https://hoalanhuyanh.com/userfiles/image/shop-hoa-lan/doc-dao/pd-6-mat-thai-binh/phi-diep-6-mat-thai-binh-hinh-hoa-anh-nho.jpg,"Giá: 
                            										1.400.000 VNĐ										/kei 5cm	

                                                		","Bán kei phi điệp 6 mắt Thái Bình, mặt hoa đẹp, đang bắt đầu ra rễ. Năm nay chỉ nhân được ít kei thôi, bác nào yêu liên hệ trực tiếp"
29,"Đai châu trụ gỗ, đã thuần rất lâu",https://hoalanhuyanh.com/userfiles/image/gio-lan/dai-chau/tru-go/anh-nho-dai-chau-ghep-tru-go-cay-to-dep.jpg,"Giá: 
                            										2.500.000 VNĐ										/Giò	

                                                		","Mỗi trụ có 9,10 ngọn hàng rừng nên chỉ có 2 màu đỏ trắng và tím trắng, đã ra hoa các mùa trước. Cây to, lá dầy, dài đẹp. Bộ rễ rất phát triển"
30,Ngọc điểm hoa sổ xố,https://hoalanhuyanh.com/userfiles/image/shop-hoa-lan/ngoc-diem/dai-chau-thai/anh-nho-dai-chau-hoa-xo-4.jpg,"Giá: 
                            										150.000 VNĐ										/Cây	

                                                		","Lan đai châu hay lan Ngọc điểm hoa sổ xố nhiều màu đẹp, cây đơn trồng chậu nhựa rất đẹp. Cỡ cây trung có thể hoa tết (một số cây đã nứt vòi hoa) hàng thái."
31,Trầm cửu long,https://hoalanhuyanh.com/userfiles/image/shop-hoa-lan/tram/tram-cuu-long-1-1.jpg,"Giá: 
                            										450.000 VNĐ										/Cây	

                                                		","Trầm cửu long hoa đẹp hương thơm, cánh tím họng đậm, bông to. Thân mập ú, đang phát triển mạnh, cây đã trồng thuần nhiều năm tại vườn."
32,Giả hạc Hawaii lai phi điệp,https://hoalanhuyanh.com/userfiles/image/shop-hoa-lan/lan-dep-khac/gia-hac-lai/hawaii-phi-diep-tim-1-1.jpg,"Giá: 
                            										240.000 VNĐ										/giò	

                                                		","Thân dài, to phát triển nhanh, hoa to là những đặc điểm của cặp lai Hawaii và phi điệp này. Cây ghép gỗ đang phát triển rất đẹp"
33,Hải yến lai vanda,https://hoalanhuyanh.com/userfiles/image/shop-hoa-lan/lai/haiyen-vanda/hai-en-lai-vanda-2-1.jpg,"Giá: 
                            										180.000 VNĐ										/cây	

                                                		","Hải yến lai vanda cho ra màu hoa đẹp, hoa 2 đến 3 lần 1 năm. Cây rất dễ trồng đã trưởng thành hầu hết đang nụ. Loại phong lan này phù hợp để trang trí nhà, sân vườn bởi chúng có màu sắc rực rỡ, dễ ra hoa, chăm sóc dễ dàng. "
34,Sumo  dưỡng béo thân cây lan,https://hoalanhuyanh.com/userfiles/image/vat-tu/thuoc/sumo/anh-nho-sumo-6-30-30.jpg,"Giá: 
                            										90.000 VNĐ										/chai 100 gam	

                                                		","Trước khi cắt nước  thân cây cần khỏe mạnh, thân béo (to) để dự trữ dinh dưỡng trong thời gian cắt nước, SUMO thuốc dưỡng lan 6-30-30 sẽ là lựa chọn hiệu quả."
35,Phi điệp ám phú thọ,https://hoalanhuyanh.com/userfiles/image/shop-hoa-lan/doc-dao/am-phu-tho/anh-nho-hoa-am-phu-tho.jpg,"Giá: 
                            										1.500.000 VNĐ										/Cây	

                                                		","Bán phi điệp cánh ám phú thọ, mặt hoa như hình, bán đứt gốc [cả chậu] đang có mầm non, cây đẹp, khỏe, ngọn dài. Chắc chắn năm sau sẽ sai hoa hơn."
36,Chậu đai châu thuần 1 năm,https://hoalanhuyanh.com/userfiles/image/shop-hoa-lan/ngoc-diem/dai-chau-thai/dai-chau-thuan-1-nam-1.jpg,"Giá: 
                            										250.000 VNĐ										/Cây	

                                                		","Cây thuần 1 năm, nhận đặt lan đai châu đúng quy cách theo yêu cầu khách hàng"
37,"Ngọc điểm vàng, hồng đốm",https://hoalanhuyanh.com/userfiles/image/shop-hoa-lan/ngoc-diem/ngoc-diem-vang-hong-dom-1-1.jpg,"Giá: 
                            										200.000 VNĐ										/Cây	

                                                		",
38,Đai châu 2 ngọn loại nhỏ,https://hoalanhuyanh.com/userfiles/image/shop-hoa-lan/ngoc-diem/dai-chau-2-ngo-nho-1.png,"Giá: 
                            										160.000 VNĐ										/Giò	

                                                		",Cây đã được ghép gỗ các bác chỉ việc mang về chăm nhé. Cây nhỏ xinh xắn giá cũng rất đẹp cho loại 2 ngọn
39,Tam bảo sắc vàng,https://hoalanhuyanh.com/userfiles/image/shop-hoa-lan/giang-huong/tam-bao-sac/tam-bao-sac-hoa-vang-2-1.jpg,"Giá: 
                            										260.000 VNĐ										/Cây	

                                                		","Tam bảo sắc vàng là loại lan rừng đột biến rất đẹp, thơm tuy nhiên giá rất cao. Vì thế hàng thái cây mô đang là lựa chọn hàng đầu của các bác muốn sưu tầm dòng giáng hương đẹp này"
40,Jacky xanh lá trơn,https://hoalanhuyanh.com/userfiles/image/shop-hoa-lan/lan-hai/lan-hai-jacki-xanh-la-tron-1.jpg,"Giá: 
                            										300.000 VNĐ										/Cây	

                                                		","Cây to, đẹp, đặc biệt với lá trơn. Hoa màu xanh được đánh giá là một trong các loại lan hài đẹp và quý hiếm của việt nam"
41,Chậu hawaii trắng,https://hoalanhuyanh.com/userfiles/image/gio-lan/hawaii/gia-hac-hawaii-trang-1-1.jpg,"Giá: 
                            										800.000 VNĐ										/Chậu	

                                                		","Chậu có 5 ngọn đang phát triển mạnh, trồng trong chậu gốm. Cây rất đẹp và khỏe"
42,Vôi lùn,https://hoalanhuyanh.com/userfiles/image/shop-hoa-lan/hoang-thao/voi/hoang-thao-voi-lun-1-1.jpg,"Giá: 
                            										150.000 VNĐ										/Chậu	

                                                		","Hoàng thảo vôi lùn cây đẹp, đang trồng chậu, đốt ngắn, thâm múp míp. Cây năm 2, hoa cũng như vôi rừng thôi ah."
43,Dendro chớp cây nhỏ xinh,https://hoalanhuyanh.com/userfiles/image/shop-hoa-lan/vanda-dendro/dendro-chop-1-1.jpg,"Giá: 
                            										80.000 VNĐ										/bảng	

                                                		","Dendro chớp cây nhỏ  dáng xinh, đang bám gỗ. Cây dòng mini nhưng rất dễ trồng, hoa đẹp và lạ, khác biệt, có hoa vào cuối mùa hè. Hoa như hình."
44,Kiếm xích ngọc hoa trắng,https://hoalanhuyanh.com/userfiles/image/gio-lan/kiem/kiem-xich-ngoc-trang-3-1.jpg,"Giá: 
                            										350.000 VNĐ										/khóm	

                                                		","Bán chậu xích ngọn hoa trắng tuyệt đẹp, em bán cả chậu nên giá rất rẻ, mời các bác yêu dòng lan này nhé."
45,Thiên nga xanh,https://hoalanhuyanh.com/userfiles/image/shop-hoa-lan/cat-thien-nga/thien-nga-xanh-1-1.jpg,"Giá: 
                            										250.000 VNĐ										/Chậu	

                                                		","Bán cây thiên nga đang rất đẹp, hoa xanh. Đã được trồng thuần tại vườn, hoa có hương thơm dịu. Giá bán rẻ cho dòng thiên nga đã được trồng thuần. Đang trồng trong giá thể mùn dừa, phát triển rất tốt.Các bác chú ý : Giá lan thiên nga ngoài kích thước, màu sắc, còn phụ thuộc vào thời gian trồng thuần tại vườn nhé. Ví dụ cùng kích thước nhưng cây mới nhập sẽ có giá rẻ hơn cây trồng thuần."
46,Trầm tím ghép bảng gỗ,https://hoalanhuyanh.com/userfiles/image/shop-hoa-lan/tram/tram-tim-3-1.jpg,"Giá: 
                            										180.000 VNĐ										/giò	

                                                		","Lan trầm tím - Thân mập mạp đã thuần trên 2 năm, rễ bám chắc bảng gỗ, hoa rất thơm, mùa hoa tháng 2 , 3 âm lịch. Đây là loại lan rất thơm, có hoa màu tím trong tự nhiên trầm tím chỉ có ở Lào, nhưng rất phù hợp khi được trồng tại Việt nam. Trầm tím thực sự không thể thiếu trong mỗi vườn lan. Giá bán lan trầm tím tùy thuộc vào kích thước từng giò."
47,Sóc trắng,https://hoalanhuyanh.com/userfiles/image/shop-hoa-lan/lan-dep-khac/soc-trang-1-1.jpg,"Giá: 
                            										150.000 VNĐ										/cây	

                                                		","Cây trồng chậu nhựa đẹp, rễ đã bám chặt vào chậu và phát triển khỏe mạnh. Hoa dài, trắng muốt hoặc tím, rất đẹp. một chậu có 1 ngọn  "
48,Kiếm đỏ thái,https://hoalanhuyanh.com/userfiles/image/shop-hoa-lan/lan-dep-khac/kiem/kiem-do-thai-3-1.jpg,"Giá: 
                            										140.000 VNĐ										/Chậu	

                                                		","Chậu kiếm đỏ đẹp hàng thái, giá rất hấp dẫn, cây cực khỏe bám đâu cũng sống. Vòi hoa dài, thơm. Giá năm này rất rẻ ví bán theo cốc có nhiều thân."
49,Trầm blue,https://hoalanhuyanh.com/userfiles/image/shop-hoa-lan/tram/2017/blue/tram-blue-2-1.jpg,"Giá: 
                            										90.000 VNĐ										/cốc	

                                                		","Bông hoa mang dáng của trầm xưa màu sắc tinh tế và lạ , đặc biệt hoa rất thơm."
50,Giả hạc trắng Tuyết Ngọc,https://hoalanhuyanh.com/userfiles/image/shop-hoa-lan/doc-dao/trang-tuyet-ngoc-1-1.jpg,"Giá: 
                            										2.500.000 VNĐ										/kei	

                                                		","Giả hạc 5 cánh trắng tuyết ngọc hàng rừng. Cánh trắng họng tím, bán kei đã phun rễ, đang trồng cốc rêu giữ ẩm"
51,Trầm đỏ lai trầm rhodo,https://hoalanhuyanh.com/userfiles/image/shop-hoa-lan/tram/lai/do-rhodo/tram-do-lai-rhodo-3-1.jpg,"Giá: 
                            										320.000 VNĐ										/chậu	

                                                		","Đây là giống trầm lai mới của đài chưa cho ra mặt bông chính thức, tuy nhiên được lai từ trầm đỏ với trầm rhodo bông đỏ tím, nên xác suất ra bông đỏ tươi rất cao."
52,Phi điệp tím kiến,https://hoalanhuyanh.com/userfiles/image/gio-lan/phi-diep-tim/bang-kien/phi-diep-tim-kien-1-1.jpg,"Giá: 
                            										300.000 VNĐ										/bảng	

                                                		","Cây đã ghép được gần năm, hàng phi điệp kiến gia lai, khả năng sẽ ra nhiều mặt bông. Cây đang được ghép bảng dớn phát triển khá tốt. "
54,Lan brass,https://hoalanhuyanh.com/userfiles/image/shop-hoa-lan/lan-dep-khac/brass/lan-brass-doi-mau-hinh-nho.jpg,"Giá: 
                            										150.000 VNĐ										/chậu	

                                                		","Bạn muốn có vườn lan hoa quanh năm, không thể thiếu lan brass được đâu. Loại hoa lan này rất dễ tính, phát triển nhanh, dễ có hoa, hoa lạ và thơm."
53,Phi điệp ám hòa bình,https://hoalanhuyanh.com/userfiles/image/shop-hoa-lan/doc-dao/am-hoa-binh/anh-nho-hinh-hoa-phi-diep-am-hoa-binh.jpg,"Giá: 
                            										500.000 VNĐ										/kei	

                                                		","Phi điệp hòa bình vốn đã nổi tiếng với các bông hoa cánh căng, to, đẹp và hiếm. Bông bình thường đã vậy còn 5ct hoặc cánh ám lại càng hiếm và đẹp hơn nhiều"
56,Hoàng thảo lông trắng,https://hoalanhuyanh.com/userfiles/image/shop-hoa-lan/hoang-thao/hong-thao-long-trang-1-1.jpg,"Giá: 
                            										160.000 VNĐ										/giò	

                                                		",Các giò hoàng thảo lông trắng được trồng thuần tại vườn nên các bác yên tâm chất lượng. Cách chăm sóc cũng rất đơn giản như sau
55,Cửu bảo tiên trắng,https://hoalanhuyanh.com/userfiles/image/shop-hoa-lan/giang-huong/cuu-trang/anh-nho-cuu-bao-tien-hoa-trang.jpg,"Giá: 
                            										400.000 VNĐ										/Cây	

                                                		","Đây là loại cửu bảo tiên đột biến hoa trắng được thái nhân giống. Hoa sở hữu vẻ đẹp tinh khôi, hương cực thơm và rất hiếm có"
57,Trầm semi x blue,https://hoalanhuyanh.com/userfiles/image/shop-hoa-lan/phi-diep/tram-lai-phi-diep/tram-semixblue-1-1.jpg,"Giá: 
                            										180.000 VNĐ										/Giò	

                                                		","Bán trầm semi x blue, hoa như hình. Cây đang được trồng trong chậu nhựa, thân to mập mạp, phát triển khỏe mạnh"
58,Thiên nga vàng,https://hoalanhuyanh.com/userfiles/image/shop-hoa-lan/cat-thien-nga/thien-nga-vang-1-1.jpg,"Giá: 
                            										250.000 VNĐ										/Chậu	

                                                		","Thiên nga hoa vàng rất đẹp, ra hoa nhiều lần trong năm, rất dễ chăm sóc và ra hoa. Cây được trồng thuần đã lâu tại vườn. [ĐANG NỤ] "
59,Ngọc điểm lai bankok sunset (cula bankok),https://hoalanhuyanh.com/userfiles/image/shop-hoa-lan/ngoc-diem/lai-bankok/ngoc-diem-lai-1-2.jpg,"Giá: 
                            										300.000 VNĐ										/Chậu	

                                                		","Bán lan ngọc điểm lai bankok sunset (cula bankok). Hàng thuần 1,5 năm tuổi. Giá bán 300k/chậu. Mặt hoa rất đẹp"
60,Ngọc trai đen Black pear,https://hoalanhuyanh.com/userfiles/image/shop-hoa-lan/cat-thien-nga/thien-nga/thien-nga-den-hinh-hoa-1-1.jpg,"Giá: 
                            										400.000 VNĐ										/Chậu	

                                                		","Ngọc trai đen Black pear, hay được gọi nhiều với tên phong lan thiên nga hoa màu đen huyền bí và rất đặc biệt,hoa buông thong, cánh hoa cứng. Có hương thơm dịu, ngọt được đánh giá là mặt hoa đẹp và độc đáo, chúng cũng rất nổi bật so với các loại hoa lan khác bởi màu đen tuyền mà ít loại lan nào có được"
61,Ngọc điểm Thái màu hồng cánh sen,https://hoalanhuyanh.com/userfiles/image/shop-hoa-lan/ngoc-diem/thai-mau-canh-sen/ngoc-diem-thai-bam-lua-canh-sen-3-1.jpg,"Giá: 
                            										320.000 VNĐ										/Cây	

                                                		","Đai châu - Ngọc điểm Thái bám gỗ, đang phát triển tốt. Màu hồng cánh sen, cánh sen catoon, như hình thực tế dưới đây. Bán tại Hà Nội, chuyển hàng toàn quốc.."
62,Hạc vỹ bám gỗ,https://hoalanhuyanh.com/userfiles/image/shop-hoa-lan/hoang-thao/hac-vy/hac-vy-400k-1-2.jpg,"Giá: 
                            Liên hệ                    		","Giò lan hạc vỹ bám gỗ, hàng thuần,đang ra nhiều rễ và phát triển mầm mon rất nhiều. Hạc vỹ loại lan dễ trồng, dễ ra hoa."
63,Hồng ngọc B,https://hoalanhuyanh.com/userfiles/image/shop-hoa-lan/phi-diep/gia-hac/hong-ngoc-b-1-1.jpg,"Giá: 
                            										260.000 VNĐ										/ngọn	

                                                		","Bán hồng ngọc B, 1 chậu 1 ngọn dài khoảng 20cm, bảo hành mặt hoa như hình. Cây phát triển khỏe mạnh, đã trồng một năm tại vườn"
64,Dendro hoa tết,https://hoalanhuyanh.com/userfiles/image/shop-hoa-lan/vanda-dendro/dendro-1-1.jpg,"Giá: 
                            										150.000 VNĐ										/Chậu	

                                                		","Em bắt đầu bán dendro hoa tết, cây to đùng chăm sóc rất dễ dàng, nên chúng là một trong các loại lan được trồng phổ biến nhất"
65,Hồng thiên cung thuần,https://hoalanhuyanh.com/userfiles/image/shop-hoa-lan/hoang-thao/hong-thien-cung-4-1.jpg,"Giá: 
                            										40.000 VNĐ										/ngọn	

                                                		",Hồng thiên cung thuần tại hà nội rất khỏe . cây đang phát triển giò 5 đến 10 ngọn giá 40k ngọn
66,"Lan đai châu thái, 4 đến 6 lá",https://hoalanhuyanh.com/userfiles/image/shop-hoa-lan/ngoc-diem/dai-chau-thai/dai-chau-160k-1.jpg,"Giá: 
                            										160.000 VNĐ										/Cây	

                                                		","Lan đai châu thái đã ghép gỗ, cây đẹp, giá bán 160k/ cây. Bán tại Hà nội, có từ 4 đến 6 lá."
67,Hoa lan trầm trắng lai vôi,https://hoalanhuyanh.com/userfiles/image/shop-hoa-lan/lan-dep-khac/lai/tram-trang-lai-voi-hoa-1-1.jpg,"Giá: 
                            										200.000 VNĐ										/cốc	

                                                		",
68,Lan cattleya bông cam,https://hoalanhuyanh.com/userfiles/image/shop-hoa-lan/cat-thien-nga/cat-lan-bong-cam-2-1.jpg,"Giá: 
                            										250.000 VNĐ										/Chậu	

                                                		","Bán chậu lan cattleya bông cam, hoa to, mặt hoa và cây bán thực tế như hình.,Cây khỏe mạnh, lá dầy cứng, màu hoa rất đậm"
69,Đai châu bò sữa,https://hoalanhuyanh.com/userfiles/image/shop-hoa-lan/ngoc-diem/xuan/dai-chau-bo-sua-1-1.jpg,"Giá: 
                            										150.000 VNĐ										/Cây	

                                                		","Lan đai châu bò sữa  - Màu sắc khác biệt, lạ mắt, hoa xuân, điểm nhấn tuyệt vời cho vườn lan nhà bạn. "
70,"Đai châu tết, loại to",https://hoalanhuyanh.com/userfiles/image/shop-hoa-lan/ngoc-diem/xuan/dai-chau-tet-2-1.jpg,"Giá: 
                            										450.000 VNĐ										/Cây	

                                                		","Cây đã ghép gỗ, rễ bám chặt, đang sống rất khỏe. Nhiều màu hoa đẹp, như cam, đỏ, tím hồng cánh sen, phục vụ cho các bác chơi tết. Chiều cao tùy từng cặp lá nhưng chiều ngang đạt được từ 40cm."
71,Hồ điệp thơm,https://hoalanhuyanh.com/userfiles/image/shop-hoa-lan/lan-dep-khac/ho-diep-thom-1-1.jpg,"Giá: 
                            										180.000 VNĐ										/Cây	

                                                		","Có bông nhỏ như hồ điệp rừng nhưng có mùi thơm nồng quyến rũ , khác với các loại hồ điệp bông to, vì lẽ đó chúng hay được gọi là hồ điệp thơm."
72,Trầm gieo hạt,https://hoalanhuyanh.com/userfiles/image/shop-hoa-lan/tram/2017/gieo-hat/hinh-hoa-tram-gieo-hat-1.jpg,"Giá: 
                            										300.000 VNĐ										/Chậu	

                                                		","Hàng gieo hạt nên có nhiều mặt bông, nhưng cơ bản có 2 loại bông đỏ đậm và hồng có viền cánh đậm. Thân cây mập, đang phát triển cây con"
73,Phi diệp tím hòa bình hàng đẹp,https://hoalanhuyanh.com/userfiles/image/shop-hoa-lan/phi-diep/pdt-hoabinh-dep/phi-diep-tim-hoa-binh-dep-4-2.jpg,"Giá: 
                            										350.000 VNĐ										/thân	

                                                		","Phi điệp tím hòa (lan dã hạc) rất đẹp, thân ra hoa dài trên 1m. Đang phát triển mạnh, rất khỏe, giá bán hợp lí"
74,Hạc vỹ ghép gỗ 450k,https://hoalanhuyanh.com/userfiles/image/shop-hoa-lan/hoang-thao/hac-vy/hac-vy-450k-1.jpg,"Giá: 
                            										450.000 VNĐ										/Giò	

                                                		",
75,Giả hạc di linh trắng,https://hoalanhuyanh.com/userfiles/image/shop-hoa-lan/phi-diep/dilinh-trang/dilinh-trang-1.jpg,"Giá: 
                            										3.000.000 VNĐ										/2 ki trắng	

                                                		","Giả hạc di linh trắng, bán như hình dưới đây giá 3 triệu , cây kei năm nhất. #1 trong những loại giả hạc trắng rừng được yêu thích nhất. "
76,Rồng đỏ lá biên,https://hoalanhuyanh.com/userfiles/image/shop-hoa-lan/tram/rong-do/hoa-tram-rong-do-1-1.jpg,"Giá: 
                            										380.000 VNĐ										/Chậu	

                                                		","Cây rất đẹp, thân mập, là loại lan có hoa rất đẹp của đài loan.Rồng đỏ lá biên độc đáo với vệt vàng cánh lá."
77,Đai châu cam lửa,https://hoalanhuyanh.com/userfiles/image/shop-hoa-lan/ngoc-diem/xuan/dai-chau-cam-lua-1-1.jpg,"Giá: 
                            										200.000 VNĐ										/Cây	

                                                		","Màu cam lửa rực rỡ của đai châu, chắc chắn sẽ đem đến không khí mùa xuân rộn ràng đầy màu sắc cho vườn lan nhà các bác"
78,Trầm nestor baby,https://hoalanhuyanh.com/userfiles/image/shop-hoa-lan/tram/2017/nestor-baby/tram-hoa-do-nestor-baby-1-1.jpg,"Giá: 
                            										240.000 VNĐ										/Chậu	

                                                		","Đây là một loại trầm lai từ 2 cây trầm siêu đẹp của đài loan, cả 2 đều có chung đặc điểm là bông đỏ có màu rất đẹp"
79,Thiên nga đốm,https://hoalanhuyanh.com/userfiles/image/shop-hoa-lan/cat-thien-nga/thien-nga/hoa-thien-nga-dom-2-1.jpg,"Giá: 
                            										170.000 VNĐ										/Cây	

                                                		","Bán lan thiên nga đốm, đây đẹp đang đủ tuổi ra hoa. Thiên nga đốm sở hữu vẻ đẹp tinh tế, nhẹ nhàng hơn so với các loại thiên nga khác."
80,Hồng ngọc quán quân,https://hoalanhuyanh.com/userfiles/image/shop-hoa-lan/gia-hac/hong-ngoc-quan-quan/anh-nho-hinh-hoa-hong-ngoc-quan-quan.jpg,"Giá: 
                            										360.000 VNĐ										/Cây	

                                                		","Sau 3 năm đoạt giải giả hạc hồng ngọc mặt hoa đoạt giải quán quân cuộc thi lan thế giới 2015 đã có mặt tại Việt nam, với giá rất hấp dẫn [cây rất đẹp]"
81,Trầm rồng đỏ,https://hoalanhuyanh.com/userfiles/image/shop-hoa-lan/tram/rong-do/hoa-tram-rong-do-1-1.jpg,"Giá: 
                            										130.000 VNĐ										/cốc	

                                                		","Trầm rồng đỏ , đây là loại trầm nổi tiếng của đài loan, thân dài khoảng 50cm khi ra hoa . Hiện tại mỗi cốc có 1 ngọn già và 1 ngọn non, ngọn non khoảng 10cm, đang lên rất khỏe. Cây nhỏ giá rẻ."
82,Thiên cung lữ bố,https://hoalanhuyanh.com/userfiles/image/shop-hoa-lan/lan-dep-khac/thien-cung-lu-bo-1-1.jpg,"Giá: 
                            										180.000 VNĐ										/Bảng	

                                                		","Bán thiên cung lữ bố theo ngọn, có 3 cỡ dài 10-40cm. Ngọn đẹp, khỏe (so với dòng thiên cung nhé) năm nay ""được mùa"" nên giá khá rẻ. Cây đang ghép bảng gô có cả NGỌN GIÀ"
83,Trầm 6 cánh lai trầm trắng,https://hoalanhuyanh.com/userfiles/image/shop-hoa-lan/lai/tram6canhxtrang/6-canh-tram-trang-1-1.jpg,"Giá: 
                            										200.000 VNĐ										/Cây	

                                                		","2 loại trầm độc đáo chắc chắn sẽ cho ra mặt bông lạ và thơm. Cây đang rất mập năm 2 , cho hoa vào năm sau."
84,Thiên cung lá biên,https://hoalanhuyanh.com/userfiles/image/gio-lan/thien-cung/hinh-nho-thien-cung-la-bien.jpg,"Giá: 
                            										250.000 VNĐ										/Chậu	

                                                		","Chậu thiên cung lá biên giá siêu rẻ, hàng kei. Cây đang phát triển rất mạnh, Chi tiết về chậu lan này các bác xem VIDEO cuối bài viết"
85,Vũ nữ phù thủy,https://hoalanhuyanh.com/userfiles/image/shop-hoa-lan/cat-thien-nga/vu-nu/vu-nu-phu-thuy-2-1.jpg,"Giá: 
                            										150.000 VNĐ										/cốc	

                                                		","Hàng mới tinh tại thị trường việt nam, vũ nữ phù thủy cây bé nhưng mặt hoa lạ. bông hoa trông như chiếc mũ phù thủy vậy"
86,Lan sóc tím,https://hoalanhuyanh.com/userfiles/image/shop-hoa-lan/giang-huong/soc-tim/soc-tim-hinh-hoa-hinh-nho.jpg,"Giá: 
                            										180.000 VNĐ										/Chậu	

                                                		","Giáng hương sóc tím có hoa dài, dễ hoa, cây khỏe, rất dễ chăm sóc (giống đa số các loại giáng hương khác). Cây có hoa khá giống đuôi chồn, hoa màu tím đẹp, đậm hơn cáo và chồn"
87,Hoàng thảo tím huế,https://hoalanhuyanh.com/userfiles/image/shop-hoa-lan/hoang-thao/tim-hue/hoang-thao-tim-hue-3-1.jpg,"Giá: 
                            										190.000 VNĐ										/giò	

                                                		","Thân mập mạp, hoa tím nhìn hơi giống thập hoa, rất sai hoa. Nở vào mùa xuân"
88,Giá lan thiên nga đỏ,https://hoalanhuyanh.com/userfiles/image/shop-hoa-lan/cat-thien-nga/thien-nga/thien-nga-do-3-1.jpg,"Giá: 
                            										250.000 VNĐ										/Chậu	

                                                		","Thiên nga nói chung khá dễ trồng một năm có thể có 3 lần hoa. Hoa thiên nga đỏ thơm dịu, bông đẹp, lâu tàn. Nên lan thiên nga được nhiều người yêu thích"
89,Trầm trắng 4N lai trầm trắng 2N,https://hoalanhuyanh.com/userfiles/image/shop-hoa-lan/lai/tram-4n-2n/anh-nho-tram-trang4n-lai-2n.jpg,"Giá: 
                            										380.000 VNĐ										/Giò	

                                                		","Bông to màu trắng, có phom hoa đột biến so với trầm trắng thông thường là kỳ vọng của cặp lai này. Hoa xổ, dành cho các bác sưu tầm mặt hoa mới."
90,Thiên cung hồng lưỡi to,https://hoalanhuyanh.com/userfiles/image/shop-hoa-lan/hoang-thao/thien-cung/hac-vy-hong-hoa-1-1.jpg,"Giá: 
                            										200.000 VNĐ										/giò	

                                                		",Trong muôn vàn loại thiên cung thì loại bông đậm như thiên cung lữ bố và thiên cung lưỡi to luôn được ưa thích và bắt mắt nhất
91,Vũ nữ kẹo kéo hoa vàng,https://hoalanhuyanh.com/userfiles/image/shop-hoa-lan/vanda-dendro/keo-keo/vu-nu-keo-keo-1-1.jpg,"Giá: 
                            										130.000 VNĐ										/chậu	

                                                		","Cây đã được trồng thuần tại vườn miền bắc, loại này nhìn nhỏ nhỏ nhưng hoa rất thơm ah. Hoa màu vàng ra hoa mùa xuân. Đây là loại lan rất dễ trồng, cây tưới tốt quanh năm."
92,Vũ nữ đỏ,https://hoalanhuyanh.com/userfiles/image/shop-hoa-lan/vu-nu/do/anh-nho-hoa-vu-nu-do.jpg,"Giá: 
                            										250.000 VNĐ										/Chậu	

                                                		","Loại vũ nữ của Đài Loan hoa rất đẹp, bông to đỏ màu đậm. Đặc biệt là vòi hoa rất dài (khoảng 1 mét), hoa quanh năm, thân to đẹp."
93,Trầm rừng myanma,https://hoalanhuyanh.com/userfiles/image/shop-hoa-lan/phi-diep/tram/tram-rung-myanma-1-1.jpg,"Giá: 
                            										70.000 VNĐ										/ngọn	

                                                		","Giò trầm rừng myanma thân mập khỏe mạnh, rất đẹp. Cho hoa vào năm sau (mùa xuân).Cây đã thuần 1 năm, dài khoảng 5-15cm . Bảng nhiều ngọn thì ngắn, ít ngọn dài nhé các bác"
94,Lan hồ điệp chúc mừng quà tặng,https://hoalanhuyanh.com/userfiles/image/ho-diep/chuc-mung/lan-ho-diep-hoa-chuc-mung-2-1.jpg,"Giá: 
                            Liên hệ                    		","Lan hồ điệp món quà tinh tế, sang trọng và chắc chắn rất ấn tượng. Không chỉ đẹp mà còn có thể chơi được lâu dài, chăm sóc rất đơn giản."
95,Lan hỏa hoàng đỏ,https://hoalanhuyanh.com/userfiles/image/shop-hoa-lan/lan-dep-khac/hoa-hoang/lan-hoa-hoang-1-1.jpg,"Giá: 
                            										550.000 VNĐ										/Chậu	

                                                		","Trồng chậu gỗ vuông, hàng thuần, nhiều ngọn một chậu. Cây rất khỏe phù hợp với điều kiện khi hậu cả 3 vùng miền"
96,Trầm trắng mắt đỏ,https://hoalanhuyanh.com/userfiles/image/shop-hoa-lan/tram/2017/tram-mat-do/tram-5-canh-trang-mat-do-2-1.jpg,"Giá: 
                            										350.000 VNĐ										/giò	

                                                		","Trầm trắng mắt đỏ mặt hoa cực yêu, được rất nhiều người yêu thích , đánh giá cao trong các triển lãm, hội thi lan. Bảo hành mặt hoa"
97,Phi điệp 6 mắt Hòa Bình,https://hoalanhuyanh.com/userfiles/image/shop-hoa-lan/doc-dao/pd-6-mat-hoa-binh/phi-diep-6-mat-hoa-binh-hinh-hoa-nho.jpg,"Giá: 
                            										600.000 VNĐ										/cm	

                                                		","Bán kei phi điệp 6 mắt hòa bình, bảo hành mặt hoa. Cây kei có độ dài từ 5cm – 10cm, đang mùa phát triển nên sẽ còn dài nữa."
98,Vũ nữ socola,https://hoalanhuyanh.com/userfiles/image/shop-hoa-lan/vanda-dendro/vu-nu-socola/vu-nu-socola-4-1.jpg,"Giá: 
                            										140.000 VNĐ										/chậu	

                                                		","Có rất nhiều giống vũ nữ, đa phần chúng dễ chăm sóc nhưng phổ biến và dễ trồng nhất là vũ nữ socola. Hoa thơm ngọt và có màu nâu như socola."
99,Vũ nữ peru hoa tím,https://hoalanhuyanh.com/userfiles/image/shop-hoa-lan/cat-thien-nga/vu-nu/peru/vu-nu-peru-1-1.jpg,"Giá: 
                            										140.000 VNĐ										/giò	

                                                		","Dòng vũ nữ hoa tím rất đẹp, hoa phân nhánh, vòi rất dài, dễ ra hoa mùa xuân là các đặc điểm thú vị của vũ nữ peru.  Thuộc dòng cây phát triển đa thân, nên phát triển nhanh"
100,Giáng hương hồng,https://hoalanhuyanh.com/userfiles/image/shop-hoa-lan/giang-huong/giang-huong-hong/giang-huong-hong-hinh-nho.jpg,"Giá: 
                            										140.000 VNĐ										/cây	

                                                		","Đây là cây của thái rất dễ chăm sóc, Giáng hương hồng gọi theo tên vườn Thái giới thiệu, Cây rất dễ chăm sóc, không cần độ ẩm cao, bộ dễ phát triển nhanh, năm hoa 2,3 lần"
101,Trầm 5 cánh trắng lai phi điệp 5 cánh trắng,https://hoalanhuyanh.com/userfiles/image/shop-hoa-lan/lai/tram-5ct-lai-pd-5ct/anh-nho-hinh-hoa-tram-5ct-pd-5ct.jpg,"Giá: 
                            										300.000 VNĐ										/bảng	

                                                		","Mời các bác săn hoa xổ , cặp lai rất hay này nhé, tỷ lệ bắt được bông mới, bông đẹp cực cao. Nhìn cây cũng rất đẹp rồi, giá thì rẻ như trầm thường"
102,Đai châu thái hàng tết,https://hoalanhuyanh.com/userfiles/image/shop-hoa-lan/ngoc-diem/cay-doi/cay-dep-chau2-cay.jpg,"Giá: 
                            										180.000 VNĐ										/Cặp (2 cây)	

                                                		","Đai châu thái hàng tết - Mỗi chậu có 2 cây, rễ đang phát triển rất nhiều cây đang nụ, có các màu cam, trắng, đốm, bó sữa. Không chọn màu hoa. Cây đẹp như hình"
103,Cát đỏ vàng,https://hoalanhuyanh.com/userfiles/image/shop-hoa-lan/cat-thien-nga/cat-do-vang-1-1.jpg,"Giá: 
                            										250.000 VNĐ										/Chậu	

                                                		","Mặt hoa la sự pha trộn tuyệt với của màu đỏ và vàng, có nhiều thân con, thân, lá rất đẹp, bám chặt gỗ để trong chậu"
104,Kiếm vàng hàng Đài,https://hoalanhuyanh.com/userfiles/image/shop-hoa-lan/lan-dep-khac/kiem/hinh-hoa-kiem-vang-dai-anh-nho.jpg,"Giá: 
                            										190.000 VNĐ										/cây	

                                                		","Lan kiếm vàng hoa trơn không những hoa mà lá cũng rất đẹp, cây có bản lá to và dày hơn các loại kiếm khác. Màu hoa vàng trơn cũng một trong các màu đẹp được yêu thích nhất."
105,Phi điệp trắng lai trầm trắng,https://hoalanhuyanh.com/userfiles/image/shop-hoa-lan/lai/tram-trang-phi-diep-trang/anh-nho-tram-lai-phi-diep-trang-cay-dep.jpg,"Giá: 
                            										600.000 VNĐ										/Bảng	

                                                		","Nổi bật nhất trong dòng lai trầm trắng và phi điệp trắng là cây bạch long, dòng lai này đều có đặc điểm bông to, thơm, trên 90% là bông trắng"
106,Trầm hồng long,https://hoalanhuyanh.com/userfiles/image/shop-hoa-lan/phi-diep/hong-loang-1-1.jpg,"Giá: 
                            										450.000 VNĐ										/Chậu	

                                                		","Thân to mập ú, một chậu 3 thân, hoa thơm, màu đẹp.Dài trên 30cm, Có hình mặt hoa năm trước"
107,Đôi đai châu trắng,https://hoalanhuyanh.com/userfiles/image/shop-hoa-lan/ngoc-diem/trang/dai-chau-trang-4-1.jpg,"Giá: 
                            										300.000 VNĐ										/cặp	

                                                		","Châu đai châu hoa trắng đẹp, lá khít, đang nụ. Cây đang bám chậu nhựa, rất phù hợp để ghép trụ gỗ chơi xuân. "
108,Giả hạc momotora,https://hoalanhuyanh.com/userfiles/image/shop-hoa-lan/gia-hac/momotora/gia-hac-momotora-3-1.jpg,"Giá: 
                            										350.000 VNĐ										/cây	

                                                		","Momotara loại giả hạc mới này là kết quả của cặp lai trầm đỏ và vôi. Cây có mặt bông khá ổn định và có nhiều đặc điểm như mong đợi, cây khỏe, thân to, sai hoa, đặc biệt lưỡi hoa mang dáng dấp của vôi nhưng có màu của trầm đỏ."
109,Quà tặng noel cho bạn gái,https://hoalanhuyanh.com/userfiles/image/ho-diep/noel/3-1.jpg,"Giá: 
                            										430.000 VNĐ										/Chậu	

                                                		","Hoa lan hồ điệp, món quà tặng noel ý nghĩa và bất ngờ dành cho bạn gái. Cây khỏe mạnh đã ra hoa và nụ có thể chơi qua tết dương lịch"
110,Trang trí showroom nội thất với Lan Hồ Điệp,https://hoalanhuyanh.com/userfiles/image/ho-diep/showroomnoithat/2-2.jpg,"Giá: 
                            										450.000 VNĐ										/chậu	

                                                		","Lan hồ điệp phù hợp để chăm sóc trong phòng, do chúng không cần nhiều ánh sáng tự nhiên. Hoa lan hồ điệp cũng rất lâu rụng từ 6- 8 tuần, như vậy bạn chỉ phải trả 10.000 đ/ngày chi phí hoa trang trí."
111,Hoàng thảo bướm trắng,https://hoalanhuyanh.com/userfiles/image/shop-hoa-lan/hoang-thao/loai-khac/hoang-thao-buom-trang-1-1.jpg,"Giá: 
                            										190.000 VNĐ										/giò	

                                                		","Hoa trắng cực đẹp, rất dễ chăm sóc. Mùa hoa tháng 3 âm. Tên quốc tế Formosum, hàng nhập khẩu thái lan"
112,Den xuân cánh sen,https://hoalanhuyanh.com/userfiles/image/shop-hoa-lan/vanda-dendro/den-canh-sen/den-xuan-canh-sen-2-1.jpg,"Giá: 
                            										260.000 VNĐ										/chậu	

                                                		","Nhật không phải cường quốc hoa lan nhưng thực sự là ra cây nào chất cây đó. Den xuân cánh sen, đây là cây lai đùi  gà đông dương với đùi gà nhật. Màu sắc quá đẹp, hương rất nồng"
113,Hồng ngọc,https://hoalanhuyanh.com/userfiles/image/shop-hoa-lan/lan-dep-khac/lan-hong-ngoc-1.jpg,"Giá: 
                            										200.000 VNĐ										/Cây	

                                                		","Giả hạc hồng ngọc (Den.adastra) hàng nhập đài loan cây kei, chuẩn mặt hoa. Cây khỏe đã trồng tại vườn 1 năm, đang phát triển tốt, đang có mầm non"
114,Myaki cam - hoa khế cam,https://hoalanhuyanh.com/userfiles/image/shop-hoa-lan/hoang-thao/hoa-khe/hoa-khe-cam-hinh-hoa-1-1.jpg,"Giá: 
                            										250.000 VNĐ										/Chậu	

                                                		","Myaki cam - hoa khế cam hàng thái, bông cực rực rỡ, hoa đầu hè, đã thuần tại vườn 3 năm. Thoải mái khỏe"
115,Đen xuân cánh trắng họng xanh,https://hoalanhuyanh.com/userfiles/image/shop-hoa-lan/vanda-dendro/hong-xanh/den-xuan-canh-trang-hong-xanh-1-1.jpg,"Giá: 
                            										300.000 VNĐ										/Chậu	

                                                		","Đây là một biến thể của đùi gà nên vẫn thừa hưởng những ưu điểm như cây khỏe, thân to đẹp. Nhưng lại sở hữu mặt bông vô cùng xuất sắc cánh trắng họng xanh. Hoa mùa xuân, rất sai hoa dù thân cây không quá dài. "
116,Phi điệp trắng thực hà,https://hoalanhuyanh.com/userfiles/image/shop-hoa-lan/doc-dao/phi-diep-trang-thuc-ha-1-1.jpg,"Giá: 
                            										250.000 VNĐ										/cm	

                                                		",Bán kei phi điệp trắng thực hà. Bảo hành mặt hoa. Các bác lưu ý hàng này bán theo cm nhé
117,Trầm 6 mắt bông chuẩn,https://hoalanhuyanh.com/userfiles/image/shop-hoa-lan/doc-dao/tram-6-mat/tram-6-mat-bong-dep-1-1.jpg,"Giá: 
                            										1.300.000 VNĐ										/cây	

                                                		",Mỗi cánh 2 bên có thêm 2 mắt kết hợp với 2 mắt lưỡi tạo thành bông trầm 6 mắt. Sở hữu vẻ đẹp và không thể lẫn lộn với bất cứ bông trầm nào khác. Và cũng rất thơm
118,Siêu trầm,https://hoalanhuyanh.com/userfiles/image/shop-hoa-lan/tram/sieu-tram/anh-nho-mat-hoa-sieu-tram-1.jpg,"Giá: 
                            										350.000 VNĐ										/Chậu	

                                                		","Hàng đài loan, hứa hẹn cho mặt hoa đẹp, cây to, thân rất mập. Đang được trồng tại vườn khỏe mạnh. Loại siêu trầm này có bông to như phi điệp, rất thơm và mang sắc màu của trầm"
119,Đai châu trắng ghép gỗ,https://hoalanhuyanh.com/userfiles/image/shop-hoa-lan/ngoc-diem/trang/dai-chau-trang-ghep-go-4-1.jpg,"Giá: 
                            										400.000 VNĐ										/Cây	

                                                		","Đai châu trắng hàng thái ghép gỗ, bộ lá đẹp, rễ bám chặt vào giá thể gỗ. Đa phần là lá xếp tất cả đều đang nhú nụ. Loại đai châu trắng hàng rừng thì hiếm, nhưng hàng thái thì có rất nhiều nhé, và giá qua từng năm lại rẻ hơn. Nên các bác không cần lo bị sai màu hoa đâu ah. "
120,Tiểu bạch long ghép gỗ,https://hoalanhuyanh.com/userfiles/image/shop-hoa-lan/gia-hac/tieu-bach-long/anh-nho-tieu-bach-long.jpg,"Giá: 
                            										200.000 VNĐ										/Bảng	

                                                		","Tiểu bạch long có thân và hoa như đại bạch long, hoa trắng, rất thơm hoa cuối mùa xuân. Nhưng dễ hoa hơn đại bạch long và thân cũng nhỏ hơn."
121,Giả hạc phi điệp tím lai trầm tím,https://hoalanhuyanh.com/userfiles/image/gio-lan/lai/tram-tim-lai/anh-nho-phi-diep-lai-tram.jpg,"Giá: 
                            										400.000 VNĐ										/giò	

                                                		","Dòng lai phi điệp tím và trầm tím có quá nhiều ưu điểm như thân dài, hoa to, rất thơm, phát triển nhanh. Giò ghép gỗ hiện tại đang rất đẹp, chưa thắt ngọn"
122,Phi điệp 6 mắt,https://hoalanhuyanh.com/userfiles/image/shop-hoa-lan/doc-dao/phi-diep-6-mat-3-1.jpg,"Giá: 
                            Liên hệ                    		","Mặt bông cực đẹp có 6 mắt là loại đột biến của dòng phi điệp, được rất nhiều người chơi phi điệp yêu thích"
123,"Bán 2 Chậu phi điệp tím, phía bắc",https://hoalanhuyanh.com/userfiles/image/gio-lan/phi-diep-tim/2-chau-phi-diep-tim/anh-nho-chau-phi-diep-5-ngon.jpg,"Giá: 
                            										1.100.000 VNĐ										/chậu	

                                                		","Em bán 2 giò chậu phi điệp tím nguồn gốc miền bắc, đang phát triển tốt tại vườn, trồng chậu với giá thể vỏ thông, dớn cọng. hoa xổ"
124,Kei phi điệp trường sơn,https://hoalanhuyanh.com/userfiles/image/gio-lan/phi-diep-tim/kei-truong-son/anh-nho-kei-phi-diep-truong-son.jpg,"Giá: 
                            										50.000 VNĐ										/kei	

                                                		","Kei phi điệp hàng rừng trường sơn có nhiều mặt hoa đẹp, đã xổ hoa ở vườn các năm trước. Kei hiện tại em đã ươm khoảng  3 tháng, đã ra rễ."
125,Hài hằng,https://hoalanhuyanh.com/userfiles/image/shop-hoa-lan/lan-hai/hai-hang-1-1.jpg,"Giá: 
                            										120.000 VNĐ										/Chậu	

                                                		","Hài hằng một loại lan đặc hữu của việt nam, phù hợp với khí hậu miền bắc, mùa hoa tháng 3-4. Bản lá trung bình 3,5 – 4 cm. Cây khỏe"
126,Căn diệp xanh hàng thái,https://hoalanhuyanh.com/userfiles/image/shop-hoa-lan/lan-dep-khac/can-diep/hinh-hoa-can-diep-xanh-1-1.jpg,"Giá: 
                            										160.000 VNĐ										/bàng	

                                                		","Bộ rễ rất dầy bám chặt bảng gỗ, căn diệp xanh một trong các loại thú vị nhất trong họ nhà Lan"
127,Đại ý thảo hàng thuần,https://hoalanhuyanh.com/userfiles/image/shop-hoa-lan/hoang-thao/dai-y-thao/anh-nho-lan-dai-y-thao.jpg,"Giá: 
                            										200.000 VNĐ										/chậu	

                                                		","Đây là loại lan giống hạc vỹ nhưng cũng hoàn toàn khác và rất dễ bị nhầm. Đại ý thảo cây phát triển rất nhanh, và dài. "
128,Lan tóc tiên,https://hoalanhuyanh.com/userfiles/image/shop-hoa-lan/lan-dep-khac/hoa-lan-toc-tien-1-1.jpg,"Giá: 
                            										200.000 VNĐ										/Giò	

                                                		","Hoa tháng 3-4 âm , ngọn dài khoảng 40-50cm, bộ rễ đẹp, ghép gỗ. Cánh hoa trắng, phần lưỡi màu tím và vàng, rất đẹp"
129,Giả hạc hoa hồng đỏ,https://hoalanhuyanh.com/userfiles/image/shop-hoa-lan/lan-dep-khac/hoa-hong-do/hinh-hoa-hoa-hong-do-nam-dau-hinh-nho.jpg,"Giá: 
                            										70.000 VNĐ										/ngọn	

                                                		",Có màu hoa đỏ đậm và thắm như hoa hồng và là cây lai giả hạc với hạc vỹ đài nên được gọi là giả hạc hoa hồng. Tên đài : Den. Adastra 'Red Rose .
130,Đại ý thảo trắng,https://hoalanhuyanh.com/userfiles/image/shop-hoa-lan/doc-dao/dai-y-thao-trang/dai-y-thao-hoa-trang-1-1.jpg,"Giá: 
                            										1.000.000 VNĐ										/cây	

                                                		","Đại ý thảo rừng hoa đột biến trắng, cây rất đẹp. Bảo hành mặt hoa, giao hàng toàn quốc. Bông trắng tinh độc và hiếm"
131,Thanh đạm indo,https://hoalanhuyanh.com/userfiles/image/shop-hoa-lan/lan-dep-khac/thanh-dam-1-1.jpg,"Giá: 
                            										240.000 VNĐ										/Chậu	

                                                		","Thanh đạm indo, dễ trồng, nhiều hoa và đặc biệt hoa rất thơm, cây ra hoa tháng 7 – 12, một cây có thể có nhiều vòi hoa"
132,Giả hạc lục bình,https://hoalanhuyanh.com/userfiles/image/shop-hoa-lan/phi-diep/2017/luc-binh/gia-hac-luc-binh-1-1.jpg,"Giá: 
                            										850.000 VNĐ										/Cây	

                                                		","Hoa có màu tím như lục bình nên còn được biết đến với tên giả hạc lục bình, hoa rất thơm. Có giá trị cao, là loại giả hạc độc đáo"
133,Giả hạc thiên sứ,https://hoalanhuyanh.com/userfiles/image/shop-hoa-lan/gia-hac/thien-su/gia-hac-thien-su-3-1.jpg,"Giá: 
                            										290.000 VNĐ										/cây	

                                                		","Hiếm có loại giả hạc công nghiệp nào được  nhiều người săn lùng và tạo ra cơn sốt như giả hạc Thiên Sứ. Rất may đây lại là loại lan của Đài Loan nên tốc độ nhân giống nhanh, sớm đáp ứng được nhu cầu người chơi lan"
135,Giả hạc trắng mũi hồng,https://hoalanhuyanh.com/userfiles/image/shop-hoa-lan/phi-diep/gia-hac/5-canh-trang-mui-hong-3-1.jpg,"Giá: 
                            										550.000 VNĐ										/Cây	

                                                		","Cánh trắng mũi hồng cực đẹp, thân rất mập.Hàng thái cây khỏe giá rẻ, mặt hoa đẹp. Hàng sưu tầm không thể bỏ qua"
134,Trầm hybis hàng đài loan,https://hoalanhuyanh.com/userfiles/image/shop-hoa-lan/phi-diep/tram/tram-hybis-dai-1-1.jpg,"Giá: 
                            										280.000 VNĐ										/bảng 2 ngọn	

                                                		","Trầm hybis đài loan cây đang phát triển rất khỏe, thân mập, đẹp như hình. Hoa sổ xố nhưng form hoa gần như giống nhau và toàn bông đẹpTrầm"
136,Giả hạc tím thái,https://hoalanhuyanh.com/userfiles/image/shop-hoa-lan/phi-diep/2017/phi-diep-thai-1-1.jpg,"Giá: 
                            										230.000 VNĐ										/giò	

                                                		","Giò giả hạc tím rừng của thái (không phải hàng công nghiệp), ghép gỗ năm 2. Giá rất hấp dẫn, cây khỏe đẹp. Rễ đã bám đầy bảng gỗ, bảng có 2 hoặc 3 thân."
137,Giả hạc hồng nhung,https://hoalanhuyanh.com/userfiles/image/shop-hoa-lan/phi-diep/2017/hong-nhung/gia-hac-hong-nhung-1-1.jpg,"Giá: 
                            										360.000 VNĐ										/Chậu	

                                                		","Đây là loại lan mới của đài loan, có nguồn gốc từ giả hạc hoa hồng nhưng bông đậm hơn, nên ngoài tên giả hạc hồng nhung còn có tên khác là giả hạc hoa hồng bông đậm. ĐANG NỤ"
138,Kiếm vàng hoa sọc,https://hoalanhuyanh.com/userfiles/image/shop-hoa-lan/lan-dep-khac/kiem/kiem-hoa-soc-3-1.jpg,"Giá: 
                            										500.000 VNĐ										/Chậu	

                                                		","Bác nào thích kiếm không? Loại này cực khỏe, phát triển nhanh, ra nhiều hoa thơm dịu. Chậu nhiều thân."
139,Đai châu trắng mẹ con,https://hoalanhuyanh.com/userfiles/image/gio-lan/dai-chau/trang-me-con/anh-nho-dai-chau-trang.jpg,"Giá: 
                            										800.000 VNĐ										/chậu	

                                                		","Đai châu loại lan không thể thiếu mỗi khi xuân về, cây có hương thơm nồng và màu sắc đa dạng. Trong đó đai châu trắng rất được yêu thích bởi sự mới mẻ tinh khôi"
140,"Trầm trắng, hàng đài loan",https://hoalanhuyanh.com/userfiles/image/shop-hoa-lan/phi-diep/tram-trang-dai/tram-trang-hang-dai-1-1.jpg,"Giá: 
                            										280.000 VNĐ										/cốc	

                                                		","Trầm trắng, hàng đài loan. Thân rất dài, hoa trắng tinh có mùi thơm của trầm. Cây em bán năm 2 dài khoảng 10-15cm."
141,Chu đình vàng,https://hoalanhuyanh.com/userfiles/image/shop-hoa-lan/lan-dep-khac/chu-dinh-vang-1-1.jpg,"Giá: 
                            										240.000 VNĐ										/Chậu	

                                                		","Bán chu đỉnh vàng, cây trồng tại vườn nên rất khỏe mạnh, lá đẹp . Hoa mùa xuân và mùa hè"
142,Hoàng thảo vôi trắng,https://hoalanhuyanh.com/userfiles/image/shop-hoa-lan/hoang-thao/voi/hoang-thao-voi-trang-1-1.jpg,"Giá: 
                            										230.000 VNĐ										/Giò	

                                                		",Bông hoa chứa một màu trắng tinh khiết và Một mạng lưới mạch máu hồng mờ trên nền vàng cảm ứng . Cùng với hương thơm nồng
143,Hawai tím hàng cốc,https://hoalanhuyanh.com/userfiles/image/shop-hoa-lan/lan-dep-khac/hawai-tim-1-1.png,"Giá: 
                            										250.000 VNĐ										/bảng	

                                                		","Hawai tím bảng dớn cây đẹp, đang phát triển tốt bắt đầu vào năm 3. Mỗi bảng có 3,4 đầu, dài từ 10-20cm. Cây rất khỏe như hình bên dưới nhé. "
144,Địa lan thanh ngọc,https://hoalanhuyanh.com/userfiles/image/hoa-tet/dia-lan-kiem/lan-thanh-ngoc-1-1.jpg,"Giá: 
                            										200.000 VNĐ										/cụm 2 thân	

                                                		","Địa lan thanh ngọc hoa xuân, hoa rất bền nên thường được chơi vào dịp tết. Bông màu xanh, thơm sở hữu vẻ đẹp thanh tao. Vòi hoa dài khoảng 30-40cm các cây khỏe cho nhiều bông trên một vòi hơn từ 3-9 bông. Em giao hàng  từ 2 thân."
145,Cát mặt hoa xinh M369,https://hoalanhuyanh.com/userfiles/image/shop-hoa-lan/cat-thien-nga/cat-thom/cat-m369-1-2.jpg,"Giá: 
                            										200.000 VNĐ										/chậu	

                                                		","Bông cát mini màu hồng đỏ, cánh hoa có 4 mắt trắng đối xứng rất đẹp. Cũng như các loại cát mini khác bông M369 này có hương thơm nhẹ."
146,Trầm w3 cực thơm,https://hoalanhuyanh.com/userfiles/image/shop-hoa-lan/phi-diep/tram/w3/tram-w3-cuc-thom-1-1.jpg,"Giá: 
                            										450.000 VNĐ										/cây	

                                                		","Cây mới chuẩn mặt hoa, và cực thơm của đài loan. Giống cây này có thân mập, phát triển theo phương thẳng đứng, dễ dàng đạt chiều dài trên 50cm – 1m"
147,Giả hạc lá biên,https://hoalanhuyanh.com/userfiles/image/shop-hoa-lan/phi-diep/2017/gia-hac/gia-hac-la-bien-1-1.jpg,"Giá: 
                            										180.000 VNĐ										/Cây	

                                                		",Dòng này hàng thường không có nhiều do để chuẩn cây nên được nhân giống kei (không phải hàng mô). Cây năm 2
148,Đai châu cây đơn nhỏ các màu,https://hoalanhuyanh.com/userfiles/image/shop-hoa-lan/ngoc-diem/cay-nho-cac-mau/dai-chau-cay-nho-2-1.jpg,"Giá: 
                            										55.000 VNĐ										/cây	

                                                		","Đón tết với đai châu các màu, cây đẹp, đây là cỡ cây đơn nhỏ hàng thái có các màu, đỏ, đốm, hồng cánh sen, bò sữa. Khả năng hoa tết là rất cao. Tất cả đều trồng trong chậu nhựa nhỏ có bộ rễ đẹp.  "
149,Chậu nestor nụ,https://hoalanhuyanh.com/userfiles/image/gio-lan/chau-nestor/nestor-nu-1-1.jpg,"Giá: 
                            										280.000 VNĐ										/Chậu	

                                                		","CÂy ghép gỗ để trong chậu nhựa, đang có nụ. Không biết mặt hoa, chỉ chắc chắn là hoa thơm. Đang lên cây non"
150,Phi điệp tây bắc,https://hoalanhuyanh.com/userfiles/image/gio-lan/phi-diep-tim/phi-diep-tay-bac-1-1.jpg,"Giá: 
                            										2.200.000 VNĐ										/giò	

                                                		","Giò ghép dớn trồng chậu nhựa, đã vào vườn hơn 1 năm cây đang mùa phát triển sung sức. Hàng phi điệp tím tây bắc"
151,Tóc tiên kẹo dừa,https://hoalanhuyanh.com/userfiles/image/shop-hoa-lan/lan-dep-khac/toc-tien-keo-dua-1.jpg,"Giá: 
                            										220.000 VNĐ										/Chậu	

                                                		","Mỗi năm chỉ ra hoa 1 lần, nhưng cây rất dễ trồng, phát triển nhanh. Có thể để làm cây cảnh"
152,Căn diệp vàng hàng thái,https://hoalanhuyanh.com/userfiles/image/shop-hoa-lan/lan-dep-khac/can-diep/can-diep-vang-thai-3-1.jpg,"Giá: 
                            										150.000 VNĐ										/bảng	

                                                		","CĂn diệp loại hoa thú vị nhất trong các giống lan. Cây hàng thái đã bám chắc giá thể, sức sống mãnh liệt"
153,Siêu trầm đỏ,https://hoalanhuyanh.com/userfiles/image/shop-hoa-lan/tram/2017/sieu-tram-do/hoa-sieu-tram-do-1.jpg,"Giá: 
                            										260.000 VNĐ										/Cây	

                                                		","Nổi tiếng với màu hoa tím đỏ rất đậm, và hương thơm nồng."
154,Hài niveum,https://hoalanhuyanh.com/userfiles/image/shop-hoa-lan/lan-hai/hai-nevium-2-1.jpg,"Giá: 
                            										250.000 VNĐ										/chậu 2 cây	

                                                		","Em bán Bán hài niveum đã được trồng thuần tại vườn trong thời gian dài, các bác lưu ý có loại hài em bán theo cây, có loại bán theo chậu. Khi chuyển hàng em sẽ bỏ chậu , chỉ gửi mỗi cây. "
155,Hài táo,https://hoalanhuyanh.com/userfiles/image/shop-hoa-lan/lan-hai/hai-tao-1.jpg,"Giá: 
                            										150.000 VNĐ										/chậu	

                                                		","Hài táo hay hài đài trong tự nhiên có nhiều ở khu vực quảng bình, lá dài đẹp có sức sống rất tốt.Tên khoa học  P. appletonianum"
156,Hài hiệp,https://hoalanhuyanh.com/userfiles/image/shop-hoa-lan/lan-hai/hai-hiep-1-1.jpg,"Giá: 
                            										150.000 VNĐ										/chậu 2 cây	

                                                		",Lan hài hiệp phân bố chủ yếu ở phía bắc được tìm thấy nhiều ở vùng núi tuyên quang
157,Hài Charles worthii,https://hoalanhuyanh.com/userfiles/image/shop-hoa-lan/lan-hai/hai-charlesworthii-3.jpg,"Giá: 
                            										250.000 VNĐ										/chậu 2 cây	

                                                		","Lan hài Charles worthii trong tự nhiên phân bố tại Thái lan, myanma, ấn độ . Chúng thường được tìm thấy trong bóng râm, với rễ bám chặt vào các tảng đá"
158,Hài gấm,https://hoalanhuyanh.com/userfiles/image/shop-hoa-lan/lan-hai/hai-gam-1-1.jpg,"Giá: 
                            										100.000 VNĐ										/Chậu	

                                                		","Lan hài gấm đã thuần tại vườn miền bắc, một chậu có từ 3 đến 5 cây. Cây đang phát triển rất khỏe"
159,Trầm trắng lai trầm ám,https://hoalanhuyanh.com/userfiles/image/shop-hoa-lan/tram/lai/trang-lai-am/tram-trang-lai-am-3-1.jpg,"Giá: 
                            										320.000 VNĐ										/chậu	

                                                		","Được lai từ 2 giống trầm nổi tiếng, mặc dù là hàng lai nhưng là hàng đài nên tỷ lệ ra bông đẹp rất cao. Cây năm 2 rất mập và khỏe. "
160,Trầm tím đài loan,https://hoalanhuyanh.com/userfiles/image/shop-hoa-lan/phi-diep/tram-tim-dai/tram-tim-hang-dai-1-2.jpg,"Giá: 
                            										250.000 VNĐ										/giò	

                                                		",Trầm tím thuần mới về. được lựa chọn nhân giống từ những bông trầm rừng đẹp. Giò từ hai mầm trở lên đang phát triển rất khỏe
161,Hoàng thảo hoa trắng,https://hoalanhuyanh.com/userfiles/image/shop-hoa-lan/hoang-thao/hoa-trang/hoang-thao-hoa-trang-3-1.jpg,"Giá: 
                            										200.000 VNĐ										/giò	

                                                		","Đây là tên em gọi tạm thôi còn tê chính thức của nó là Den Lovely white, đây là hàng thái. Năm 2 có nhiều thân, đang bám gỗ. hoa trắng họng xanh"
162,Kiều vuông,https://hoalanhuyanh.com/userfiles/image/gio-lan/kieu/kieu-vuong-1-1.jpg,"Giá: 
                            										180.000 VNĐ										/chậu	

                                                		","Em có mấy chậu kiều vuông đẹp, trông chậu nhựa giá thể gỗ, cây rất đẹp . Chậu có 6,7 thân."
163,"Phi điệp trắng, hàng thái",https://hoalanhuyanh.com/userfiles/image/shop-hoa-lan/phi-diep/phi-diep-trang-thai-1-1.jpg,"Giá: 
                            										300.000 VNĐ										/Chậu	

                                                		","Phi điệp trắng tuyền hay giả hạc trắng. Cây đang phát triển tốt, hiện tại cây con đang lên có thể hoa bói năm sau, mặt hoa như hình. Phong lan phi điệp trắng tuyền có giá rẻ hơn lan rừng rất nhiều"
164,Đai châu giống thái,https://hoalanhuyanh.com/userfiles/image/shop-hoa-lan/ngoc-diem/cay-giong/dai-chau-la-thuong-cay-giong-hinh-nho.jpg,"Giá: 
                            										23.000 VNĐ										/cây	

                                                		","Bán đai châu tại hà nội, hàng thái. Giao hàng từ 10 cây. Hiện tại cây đang chậu nhựa nhỏ, phát triển tốt có 2,3 cặp lá tùy cây."
165,Cát tum hồng,https://hoalanhuyanh.com/userfiles/image/shop-hoa-lan/lan-dep-khac/cattum-1-1.jpg,"Giá: 
                            										240.000 VNĐ										/Chậu	

                                                		",Đây là cây mới nên tại việt nam em chưa thấy cộng đồng nào đặt tên chính thức cho nó. Tên bên đài là clowesia grace dunn
166,Hoàng thảo đơn cam thái,https://hoalanhuyanh.com/userfiles/image/shop-hoa-lan/hoang-thao/don-cam/don-cam-thai-3-1.jpg,"Giá: 
                            										200.000 VNĐ										/giò	

                                                		","Đơn cam thái ghép bảng gỗ, bán theo giò. Bông to nhưng hơi nhạt so với đơn cam rừng, đã trồng tại vườn năm 2, dễ chăm sóc, dễ ra hoa. Hoa đầu hè"
167,Phi điệp blue,https://hoalanhuyanh.com/userfiles/image/shop-hoa-lan/phi-diep/gia-hac/phi-diep-blue-3-1.jpg,"Giá: 
                            										240.000 VNĐ										/Cây	

                                                		","Màu này sẽ rất khó thây trong tự nhiên, ngay cả hàng công nghiệp cũng không có nhiều. Hoa màu blue, cây dài, thân khá to phát triển nhanh"
168,Tiểu hồ điệp lá biên,https://hoalanhuyanh.com/userfiles/image/hoa-tet/ho-diep-la-bien/ho-diep-la-bien-2-1.jpg,"Giá: 
                            										230.000 VNĐ										/chậu	

                                                		","Hồ điệp lá phát tài, tròn đẹp vô cùng ý nghĩa trong những ngày đầu năm, làm quà tặng hoặc đặt trong nhà để may mắn ngày tết đều được. Cây thuộc dòng mini vòi hoa ngắn, hoa nở chùm rất đẹp"
169,Chậu hoa hồ điệp tết,https://hoalanhuyanh.com/userfiles/image/hoa-tet/chau-ho-diep/chau-ho-diep-tet-3-1.jpg,"Giá: 
                            Liên hệ                    		","Bán các chậu hồ điệp tết loại 1 , để làm quà tặng, trang trí văn phòng, nhà ở, biệt thự, các địa điểm tổ chức sự kiện trong năm mới – Chất lượng tốt nhất - Nhập từ Đài Loan - Thế nào là Hồ Điệp Loại 1 ?"
170,Trầm 6 mắt lai trầm hồng,https://hoalanhuyanh.com/userfiles/image/shop-hoa-lan/lai/tram-6mat-hong/hoa-tram-6-mat-lai-tram-hong-1-1.jpg,"Giá: 
                            										230.000 VNĐ										/chậu	

                                                		","Chưa xổ hoa lần nào, kết hợp 2 loại trầm nổi tiếng 6 mắt mặt bông đẹp, độc, lạ và trầm hồng hương thơm cực đậm. Hoa xổ"
171,Giả hạc hồng tuyền,https://hoalanhuyanh.com/userfiles/image/shop-hoa-lan/phi-diep/5ct-dai/gia-hac-hong-tuyen-3-1.jpg,"Giá: 
                            										220.000 VNĐ										/Cây	

                                                		","Giả hạc bông hồng tuyền (semi pink), cánh hồng dịu nhẹ nhàng, họng mầu đậm hơn, mặt hoa rất xinh. Cây mô hàng đai"
172,Trầm bảo bảo,https://hoalanhuyanh.com/userfiles/image/shop-hoa-lan/tram/2017/4n/hinh-hoa-tram-bao-bao-1.jpg,"Giá: 
                            										450.000 VNĐ										/Chậu	

                                                		",
173,Nghệ tâm đột biến lá,https://hoalanhuyanh.com/userfiles/image/shop-hoa-lan/hoang-thao/nghe-tam/anh-nho-nghe-tam-bach-kim.jpg,"Giá: 
                            										300.000 VNĐ										/Cốc	

                                                		","Nghệ tâm đột biến lá bạch kim, hàng đài. Hàng dành riêng cho các bác thích sưu tầm bộ lá (hàng hiếm), cây nhỏ nhưng rất khỏe."
174,"Trầm tím giò to, đẹp",https://hoalanhuyanh.com/userfiles/image/gio-lan/tram-tim/tram-tim-gio-to-dep-2-1.jpg,"Giá: 
                            										750.000 VNĐ										/giò	

                                                		","Thân mập, to rất khỏe đang bám bảng gỗ. Hàng trầm tím rừng được trồng thuần tại vườn. Cây vẫn tiếp tục phát triển, hoa mùa sau."
175,Hài chó đốm,https://hoalanhuyanh.com/userfiles/image/shop-hoa-lan/lan-hai/lan-hai-cho-dom-1-1.jpg,"Giá: 
                            										80.000 VNĐ										/Cây	

                                                		","Bán theo cây, một chậu có từ 2 đến 3 cây đã thuần tại vườn miền bắc. Hoa khá to và đẹp, được nhiều người chơi hài yêu thích."
176,Hoàng thảo kèn hàng Thái,https://hoalanhuyanh.com/userfiles/image/shop-hoa-lan/hoang-thao/ken/anh-nho-hinh-hoa-lan-ken.jpg,"Giá: 
                            										200.000 VNĐ										/Chậu	

                                                		","Hoa lan hoàng thảo kèn nổi tiếng với màu tím đẹp và phom hoa bắt mắt, hoa mùa xuân . Đây cũng là loại lan khó thuần nhưng được rất nhiều người chơi lan tìm kiếm"
177,Hưng thịnh – hoa chúc mừng,https://vietflower.vn/wp-content/uploads/2017/02/hưng-thịnh-hoa-chúc-mừng-1.jpg,"1,620,000₫₫","Kệ hoa khai trương hưng thịnh với nét độc đáo có đôi phần khác lạ, điểm nhấn với 2 cành lan hồ điệp, làm bật lên sự đẳng cấp tuyệt đỉnh. Rất phù hợp cho hoa khai trương hoành tráng, sang trọng, lễ kỉ niệm, ngày thành lập, lễ khánh thành. Kệ hoa chúc mừng này cũng thích hợp tặng lễ hội họp…Dịch vụ điện hoa chỉ có tại Vietflower :"
178,Lan hồ điệp – bất khuất,https://vietflower.vn/wp-content/uploads/2017/04/CF324__04323.1448249057.500.500-370x480.jpg,"1,180,000₫₫","Lan là loài hoa cao quý mà bất cứ một tín đồ yêu hoa nào cũng không thể từ chối quyền sỡ hữu chúng. Vì nguyên nhân này nên shop hoa tươi hôm nay muốn giới thiệu đến một loại lan hồ điệp mang tên bất khuất. Chắc trong ai cũng sẽ thắc mắc một loài hoa thường sẽ yếu đuối mỏng manh nhưng tại sao lại mang trong mình cái tên mạnh mẽ như vậy. Những suy nghĩ cổ hũ như trông mặt mà bắt hình dong đã không còn đúng trong thời buổi hiện nay nữa. Tuy lan hồ điệp nhìn mỏng mang như vậy nhưng bên trong nó mà một sức mạnh tìm ẩn mạnh mẽ, một sức sống căng tràn như chính cái tên bất khuất nó mang trong người vậy. Bởi vì trong cuộc sống này, nếu không bất khuất, không mạnh mẽ thì không thể tồn tại. Hãy như lan hồ điệp bất khuất để không bị cuộc sống vùi dập. "
179,Lan hồ điệp – duy nhất,https://vietflower.vn/wp-content/uploads/2017/04/C29-4882__08478.1417292007.500.500-370x480.jpg,"350,000₫₫",None
180,Lan hồ điệp – không ngại,https://vietflower.vn/wp-content/uploads/2017/04/CF525__36336.1473632081.500.500-294x480.jpg,"1,100,000₫₫","E thẹn đúng bản chất mỏng manh của những đóa hoa lan hồ điệp mang tên ngại ngùng này. Giống với những loài lan hồ điệp mạnh mẽ như bất khuất, đây cũng là loại lan mà rất nhiều người mong muốn được sở hữu. Tuy mang trong người cái tên hơi yểu điệu thục nữ ngại ngùng giống như vẻ đẹp của một người con gái đẹp thanh tao toát ra. Nhưng sức sống của nó cũng không thể nào có thể phủ nhận được. Một sức sống mạnh mẽ, căng tràn. Nếu bạn đang muốn mua hoa tặng bạn gái nhân ngày sinh nhật thì lan hồ điệp ngại ngùng này là một loại hoa sinh nhật không tồi. Người được tặng sẽ xó cảm giác là được là một người quan trọng trong cuộc sống của bạn. Họ sẽ có cảm giác mình được là một người con gái đẹp, đầy hấp dẫn và cũng thật mạnh mẽ và lôi cuốn. Chính những điểm đáng yêu đó sẽ mang bạn và người ấy đến gần nhau hơn."
181,Lan hồ điệp – Vhđ001,https://vietflower.vn/wp-content/uploads/2017/03/1-piece-orchids-in-vase-4-450x600-370x480.jpg,"680,000₫₫",None
182,Lan hồ điệp – VHĐ0010,https://vietflower.vn/wp-content/uploads/2017/04/1-piece-orchids-in-vase-37-450x600-370x480.jpg,"250,000₫₫",None
183,Lan hồ điệp – VHĐ0011,https://vietflower.vn/wp-content/uploads/2017/04/1-piece-orchids-in-vase-38-450x600-370x480.jpg,"250,000₫₫",None
184,Lan hồ điệp – VHĐ0012,https://vietflower.vn/wp-content/uploads/2017/04/1-piece-orchids-in-vase-41-450x600-370x480.jpg,"480,000₫₫",None
185,Lan hồ điệp – VHĐ002,https://vietflower.vn/wp-content/uploads/2018/04/lopdayhoccamhoatuoi-370x480.jpg,"1,850,000₫₫",None
186,Lan hồ điệp – VHĐ003,https://vietflower.vn/wp-content/uploads/2017/04/1-piece-orchids-in-vase-7-450x600-370x480.jpg,"480,000₫₫",None
187,Lan hồ điệp – VHĐ004,https://vietflower.vn/wp-content/uploads/2017/04/1-piece-orchids-in-vase-10-450x600-370x480.jpg,"260,000₫₫",None
188,Lan hồ điệp – VHĐ005,https://vietflower.vn/wp-content/uploads/2017/04/1-piece-orchids-in-vase-14-450x600-370x480.jpg,"720,000₫₫",None
189,Lan hồ điệp – VHĐ006,https://vietflower.vn/wp-content/uploads/2017/04/1-piece-orchids-in-vase-17-450x600-370x480.jpg,"1,680,000₫₫",None
191,Lan hồ điệp – VHĐ008,https://vietflower.vn/wp-content/uploads/2017/04/1-piece-orchids-in-vase-31-450x600-370x480.jpg,"980,000₫₫",None
190,Lan hồ điệp – VHĐ007,https://vietflower.vn/wp-content/uploads/2017/04/1-piece-orchids-in-vase-25-450x600-370x480.jpg,"1,260,000₫₫",None
192,Lan hồ điệp – VHĐ009,https://vietflower.vn/wp-content/uploads/2017/04/1-piece-orchids-in-vase-36-450x600-370x480.jpg,"1,550,000₫₫",None
193,Lan hồ điệp -VHLĐ029,https://vietflower.vn/wp-content/uploads/2017/02/lan-ho-diep-0011.jpg,"1,350,000₫₫"," Lan hồ điệp tại vietflower.vn, giá luôn luôn ổn định, cung cấp cho các shop hoa, ưu tiên các doanh nghiệp mua nhiều, giá ổn định quanh nămDịch vụ điện hoa chỉ có tại Vietflower :"
194,Lan hồ điệp 0019,https://vietflower.vn/wp-content/uploads/2018/08/lanhodiepvietflower-370x400.jpg,"750,000₫₫",None
195,Lan hồ điệp VFl023,https://vietflower.vn/wp-content/uploads/2018/08/999_lan-ho-diep.jpg,"1,320,000₫₫","Lan hồ điệp, hiện nay khi nhu cầu tặng hoa tăng cao, thì lan hồ điệp là một trong những loài hoa được hay tặng nhiều nhất, vì nó luôn luôn sang trọng và có độ bềnh lâu.Để đặt mua lan hồ điệp hãy gọi 0933387393(zalo-viber)"
196,Lan Hồ Điệp VFL024,https://vietflower.vn/wp-content/uploads/2018/08/123_lan-ho-diep-vang.jpg,"1,100,000₫₫",None
197,Lan hồ điệp VHĐ0012,https://vietflower.vn/wp-content/uploads/2018/07/lanhodiepdailoan-370x400.png,"2,400,000₫₫",None
198,Lan hồ điệp VLĐ0013,https://vietflower.vn/wp-content/uploads/2018/07/lanhodiepmautrang-370x400.jpg,"750,000₫₫",None
199,Lan Hồ Điệp VLĐ0014,https://vietflower.vn/wp-content/uploads/2018/07/Lanhodiep-370x400.jpg,"1,150,000₫₫",None
200,Lan hồ điệp VLĐ0015,https://vietflower.vn/wp-content/uploads/2018/08/lanhodiepvld0015-370x400.gif,"2,200,000₫₫",None
201,Lan hồ điệp VLĐ0016,https://vietflower.vn/wp-content/uploads/2018/08/lanhodiepvld0016-370x400.jpg,"780,000₫₫",None
202,Lan hồ điệp VLĐ0017,https://vietflower.vn/wp-content/uploads/2018/08/lanhodiepchau1canh-370x400.jpg,"300,000₫₫",None
203,Lan hồ điệp VLĐ0018,https://vietflower.vn/wp-content/uploads/2018/08/lanhodiep2canh-370x400.jpg,"580,000₫₫",None
204,Lan hồ điệp VLĐ0020,https://vietflower.vn/wp-content/uploads/2018/08/lahodiepvang-370x400.png,"1,760,000₫₫",None
205,Lan hồ điệp VLĐ0021,https://vietflower.vn/wp-content/uploads/2018/08/lanhodiephong-370x400.jpg,"1,100,000₫₫",None
206,Lan hồ điệp VLĐ0021,https://vietflower.vn/wp-content/uploads/2018/08/chaulanhodiep-370x400.jpg,"2,560,000₫₫",None
207,Lan hồ điệp VLĐ0022,https://vietflower.vn/wp-content/uploads/2018/08/lanhodiepgiaretphcm-370x400.jpg,"1,320,000₫₫",None
208,Rộng lớn – hoa sinh nhật,https://vietflower.vn/wp-content/uploads/2017/02/3189_big-love.jpg,"1,280,000₫₫","Tình yêu thương mênh mông, rộng lớn như biển cả, lẵng hoa phối hợp tất cả những tông màu đầy tính sắc sảo và đẳng cấp. Thích hợp tặng sinh nhật, chúc sức khỏe,"
209,Thiên thần – hoa sinh nhật,https://vietflower.vn/wp-content/uploads/2017/02/4615_only-one.jpg,"900,000₫₫800,000₫₫","Xuất hiện ra trước mắt ta là loài hoa lan hồ điệp cao cấp, chứng tỏ được đẳng cấp riêng biệt khi trao tặng, cảm thấy được trâng trọng nhiều hơn nữa, tình cảm ấy khiến cho người nhận khó quên. Bó hoa sinh nhật cao cấp này phù hợp tặng sinh nhật người yêu, sinh nhật đồng nghiệp, sinh nhật người thân.Dịch vụ điện hoa chỉ có tại Vietflower :"
210,Vũ điệu thiên thần – hoa sinh nhật,https://vietflower.vn/wp-content/uploads/2017/02/4691_ngau-nhien.jpg,"1,250,000₫₫1,150,000₫₫","Đó là sự kết hợp tinh tế các loại hoa yểu điệu, tạo sự lãng mạn nhẹ nhàng, êm đềm, trao nhau nhừng tình thương đầm ấm, bằng sự phối hợp các loại hoa lan cao cấp như: lan hồ điệp, lan vũ nữ, thêm vào đó là màu xanh của Green wicky, sản phẩm mang đầy tính nghệ thuật và tinh tế. Kệ hoa rất thích hợp làm hoa sinh nhật sếp, sinh nhật đồng nghiệp, sinh nhật người thân, mừng sức khỏe ba, mẹ…Dịch vụ điện hoa chỉ có tại Vietflower :"
211,Vươn cao – hoa chúc mừng,https://vietflower.vn/wp-content/uploads/2017/02/ShowItemSubImage-1-370x480.jpg,"1,550,000₫₫","Kệ hoa khai trương ” vươn cao” được thiết kế tinh tế từ các loại hoa tươi cao cấp Lan hồ điệp, lily, đồng tiền đỏ, mokara vàng. Theo phong thủy màu đỏ rất thích hợp cho hỷ sự, lễ hội..Kệ hoa tao một sự nghiêm túc đặc biệt mà shop hoa tươi vietflower.vn muốn gởi đến khách hàng. Mẫu hoa chúc mừng này rất phù hợp làm hoa khai trương tặng đối tác, hoặc lễ khánh thành, lễ kỉ niệm…Dịch vụ điện hoa chỉ có tại Vietflower :"
